{
    "best_params": {
        "n_estimators": 233,
        "max_depth": 5,
        "learning_rate": 0.16687160558752845,
        "subsample": 0.7889375627700964,
        "colsample_bytree": 0.8907540032584353,
        "min_child_weight": 2,
        "gamma": 0.5137025388649042,
        "reg_alpha": 0.5295616034317667,
        "reg_lambda": 2.8915464418106804
    },
    "best_cv_f1_weighted": 0.4040461752903635,
    "n_trials": 30
}