{
    "best_model": "xgboost",
    "cv_metrics": {
        "logistic_regression": {
            "accuracy": 0.40391725253038063,
            "precision": 0.3821398835818991,
            "recall": 0.40391725253038063,
            "f1": 0.3816550591106259,
            "roc_auc": 0.6651725291127663
        },
        "random_forest": {
            "accuracy": 0.4148736793235187,
            "precision": 0.40009246490143013,
            "recall": 0.4148736793235187,
            "f1": 0.38824451588315784,
            "roc_auc": 0.6916859483563481
        },
        "xgboost": {
            "accuracy": 0.42257203387388315,
            "precision": 0.42624830747941767,
            "recall": 0.42257203387388315,
            "f1": 0.4034613038418148,
            "roc_auc": 0.7018548987742012
        },
        "neural_network": {
            "accuracy": 0.4187181303111792,
            "precision": 0.4199850131463266,
            "recall": 0.4187181303111792,
            "f1": 0.3982258201009257,
            "roc_auc": 0.6937963102004525
        }
    },
    "test_metrics": {
        "accuracy": 0.4232233292509351,
        "precision": 0.42901392743471134,
        "recall": 0.4232233292509351,
        "f1": 0.40418645576894835,
        "roc_auc": 0.7024158764820926
    }
}