,precision,recall,f1-score,support
0,0.5571428571428572,0.22334333242432505,0.31886314969826746,11001.0
1,0.4209528144439387,0.5910107572691448,0.4916928802445616,28167.0
2,0.4147756181947695,0.4300182866788578,0.42225944023343753,28436.0
3,0.4071098741223354,0.38387212215197425,0.39514965464313123,16766.0
4,0.3013698630136986,0.06674117834903401,0.10928104575163398,6263.0
accuracy,0.421325565743162,0.421325565743162,0.421325565743162,0.421325565743162
macro avg,0.4202702053835199,0.33899713537466714,0.34744923411420636,90633.0
weighted avg,0.4247211233926641,0.421325565743162,0.40464513598188806,90633.0
